{"cameraMode":{"drawMode":0,"name":"Shaded","section":"Shading Mode"},"sceneLighting":true,"audioPlay":false,"sceneViewState":{"showFog":true,"showMaterialUpdate":false,"showSkybox":true,"showFlares":true,"showImageEffects":true,"showParticleSystems":true},"in2DMode":false,"pivot":{"x":-985.5588989257813,"y":562.3770141601563,"z":709.0663452148438},"rotation":{"x":-0.04266493022441864,"y":-0.9420605897903442,"z":0.3057432174682617,"w":-0.13171586394309998},"size":2.793673276901245,"orthographic":false}