{"cameraMode":{"drawMode":0,"name":"Shaded","section":"Shading Mode"},"sceneLighting":true,"audioPlay":false,"sceneViewState":{"showFog":true,"showMaterialUpdate":false,"showSkybox":true,"showFlares":true,"showImageEffects":true,"showParticleSystems":true},"in2DMode":false,"pivot":{"x":367.536865234375,"y":-363.7086181640625,"z":189.815673828125},"rotation":{"x":0.1229109987616539,"y":0.8119688034057617,"z":-0.18481077253818513,"w":0.53989577293396},"size":5519.21875,"orthographic":false}